"","geography","geography_id","state_name","district_name","area","perimeter","max_distance_from_center","Schwartzberg","Redistrict","Gov_Veto","Notes","Geog","AreaDist","AreaConPol","ConvexHull","Upper_Senate","Lower_House","Governor","Overall"
"1","district",5600,"Wyoming",0,28.1535984,0.320225409,0.057455071,0.587375866405236,NA,NA,NA,"district",97818.74471,97731.89145,1.000888689,"Republican","Republican","Republican","Republican"
"2","district",5501,"Wisconsin",1,0.761922865,0.077168852,0.013549042,0.400976015430002,"State Legislature","Yes",NA,"district",1769.143648,1993.090229,0.887638514,"Republican","Republican","Republican","Republican"
"3","district",5508,"Wisconsin",8,2.923923419,0.159522914,0.022024113,0.379983601422626,"State Legislature","Yes",NA,"district",7066.698604,10319.05062,0.684820616,"Republican","Republican","Republican","Republican"
"4","district",5502,"Wisconsin",2,1.32606409,0.09115385,0.013702598,0.447828957904857,"State Legislature","Yes",NA,"district",4610.708994,5240.392489,0.879840394,"Republican","Republican","Republican","Republican"
"5","district",5505,"Wisconsin",5,0.557960549,0.066469888,0.008657997,0.398365510714303,"State Legislature","Yes",NA,"district",1965.311588,2346.061569,0.83770674,"Republican","Republican","Republican","Republican"
"6","district",5507,"Wisconsin",7,7.798159229,0.289830109,0.032437165,0.34155250998639,"State Legislature","Yes",NA,"district",24032.00983,33236.17822,0.723067787,"Republican","Republican","Republican","Republican"
"7","district",5506,"Wisconsin",6,2.256255866,0.149672755,0.020031407,0.355759375007341,"State Legislature","Yes",NA,"district",5220.174832,7544.347953,0.691931876,"Republican","Republican","Republican","Republican"
"8","district",5503,"Wisconsin",3,3.318096047,0.246175302,0.02794596,0.262304009545467,"State Legislature","Yes",NA,"district",11413.26536,19388.41721,0.58866411,"Republican","Republican","Republican","Republican"
"9","district",5504,"Wisconsin",4,0.312896735,0.041380543,0.007359414,0.479191672843498,"State Legislature","Yes",NA,"district",124.3144737,183.1804043,0.678645045,"Republican","Republican","Republican","Republican"
"10","district",5403,"West Virginia",3,2.605618592,0.227219885,0.02468132,0.251833799872514,"State Legislature","Yes",NA,"district",9834.189171,14517.14224,0.677419082,"Republican","Republican","Republican","Republican"
"11","district",5402,"West Virginia",2,2.172353186,0.28986184,0.034796875,0.180251590241629,"State Legislature","Yes",NA,"district",8087.807958,15752.89259,0.513417324,"Republican","Republican","Republican","Republican"
"12","district",5401,"West Virginia",1,1.706484714,0.214108172,0.022285953,0.216283251341024,"State Legislature","Yes",NA,"district",6380.560881,13600.8816,0.469128478,"Republican","Republican","Republican","Republican"
"13","district",5308,"Washington",8,2.316053909,0.187268257,0.020240793,0.288081318232112,"Independent commission",NA,NA,"district",7502.840081,11304.0438,0.663730627,"Democrat","Democrat","Democrat","Democrat"
"14","district",5304,"Washington",4,6.005763116,0.276472204,0.032573438,0.314222700368051,"Independent commission",NA,NA,"district",19555.75243,29663.35568,0.659256244,"Democrat","Democrat","Democrat","Democrat"
"15","district",5301,"Washington",1,2.088605023,0.156223566,0.021801197,0.327934073831795,"Independent commission",NA,NA,"district",6369.291895,7992.933918,0.796865326,"Democrat","Democrat","Democrat","Democrat"
"16","district",5307,"Washington",7,0.076794902,0.031343758,0.004835794,0.313415204820138,"Independent commission",NA,NA,"district",277.6320761,332.2733617,0.835553216,"Democrat","Democrat","Democrat","Democrat"
"17","district",5302,"Washington",2,0.648971007,0.079793661,0.011142536,0.357889690541485,"Independent commission",NA,NA,"district",1593.308065,2259.290417,0.705224992,"Democrat","Democrat","Democrat","Democrat"
"18","district",5305,"Washington",5,4.892159772,0.181232694,0.030132117,0.43263206234958,"Independent commission",NA,NA,"district",15704.63364,18603.82349,0.844161613,"Democrat","Democrat","Democrat","Democrat"
"19","district",5303,"Washington",3,2.881431269,0.180540133,0.029770379,0.333299994383865,"Independent commission",NA,NA,"district",9391.980955,13165.96282,0.713353143,"Democrat","Democrat","Democrat","Democrat"
"20","district",5306,"Washington",6,2.760444532,0.138495135,0.019976001,0.425265279535733,"Independent commission",NA,NA,"district",7528.752175,8883.804676,0.84746935,"Democrat","Democrat","Democrat","Democrat"
"21","district",5309,"Washington",9,0.072468429,0.029672551,0.004327151,0.321606242776478,"Independent commission",NA,NA,"district",207.1117115,326.1143493,0.635089231,"Democrat","Democrat","Democrat","Democrat"
"22","district",5310,"Washington",10,0.283384006,0.058016974,0.007403391,0.325265144135389,"Independent commission",NA,NA,"district",910.1080662,1201.19841,0.757666726,"Democrat","Democrat","Democrat","Democrat"
"23","district",5111,"Virginia",11,0.051917681,0.038585983,0.004340321,0.209330738794194,"State Legislature","Yes",NA,"district",159.8526677,340.0466534,0.470090401,"Republican","Republican","Democrat","Republican"
"24","district",5109,"Virginia",9,2.405364681,0.221361548,0.033246555,0.24836661234108,"State Legislature","Yes",NA,"district",9165.952229,13632.6347,0.672353689,"Republican","Republican","Democrat","Republican"
"25","district",5101,"Virginia",1,1.197042473,0.144619759,0.019375342,0.268183514980572,"State Legislature","Yes",NA,"district",4580.171677,6275.376223,0.729864077,"Republican","Republican","Democrat","Republican"
"26","district",5103,"Virginia",3,0.306407025,0.10587466,0.012105304,0.185337056963713,"State Legislature","Yes",NA,"district",778.6970807,1106.541209,0.703721718,"Republican","Republican","Democrat","Republican"
"27","district",5108,"Virginia",8,0.042337632,0.022086932,0.003169925,0.330242390839032,"State Legislature","Yes",NA,"district",163.794102,187.220655,0.874871963,"Republican","Republican","Democrat","Republican"
"28","district",5107,"Virginia",7,0.756051223,0.137237414,0.016495163,0.224599102352692,"State Legislature","Yes",NA,"district",3140.538745,4572.836118,0.68678139,"Republican","Republican","Democrat","Republican"
"29","district",5104,"Virginia",4,1.145433827,0.138380434,0.018230751,0.274167041688592,"State Legislature","Yes",NA,"district",3775.26614,5001.802488,0.754781131,"Republican","Republican","Democrat","Republican"
"30","district",5105,"Virginia",5,2.681022842,0.247785143,0.031640194,0.234250176188957,"State Legislature","Yes",NA,"district",10162.08815,15620.2724,0.650570483,"Republican","Republican","Democrat","Republican"
"31","district",5106,"Virginia",6,1.594150923,0.188745488,0.022046683,0.237133587141079,"State Legislature","Yes",NA,"district",5965.78946,8562.551897,0.696730313,"Republican","Republican","Democrat","Republican"
"32","district",5110,"Virginia",10,0.372849295,0.099511442,0.010283385,0.217519689967037,"State Legislature","Yes",NA,"district",1388.800649,2292.994922,0.605671053,"Republican","Republican","Democrat","Republican"
"33","district",5102,"Virginia",2,0.739054363,0.112535842,0.015252752,0.27080224468543,"State Legislature","Yes",NA,"district",1543.762116,4455.726131,0.346467011,"Republican","Republican","Democrat","Republican"
"34","district",5000,"Vermont",0,2.800773444,0.150051802,0.024449673,0.395369084130714,NA,NA,NA,"district",9627.593507,11596.33987,0.830226918,"Democrat","Democrat","Republican","Democrat"
"35","district",4901,"Utah",1,5.780322949,0.243577461,0.040192461,0.349899953284528,"State Legislature","Yes",NA,"district",20800.79667,30759.62803,0.676236938,"Republican","Republican","Republican","Republican"
"36","district",4902,"Utah",2,11.13031631,0.309932979,0.043982851,0.381584648842536,"State Legislature","Yes",NA,"district",41149.50796,50216.1698,0.819447364,"Republican","Republican","Republican","Republican"
"37","district",4903,"Utah",3,5.441776408,0.290491674,0.041557552,0.284669926677868,"State Legislature","Yes",NA,"district",20252.67663,32037.65963,0.632152188,"Republican","Republican","Republican","Republican"
"38","district",4904,"Utah",4,0.768876126,0.102673952,0.014799094,0.302742115497269,"State Legislature","Yes",NA,"district",2699.49916,4189.73512,0.644312608,"Republican","Republican","Republican","Republican"
"39","district",4804,"Texas",4,2.636367456,0.20964834,0.025139035,0.274546856177892,"State Legislature","Yes",NA,"district",10542.04188,13379.55201,0.787921889,"Republican","Republican","Republican","Republican"
"40","district",4808,"Texas",8,1.522300561,0.142632173,0.014539154,0.306646235142368,"State Legislature","Yes",NA,"district",6218.260833,7364.912298,0.844308877,"Republican","Republican","Republican","Republican"
"41","district",4827,"Texas",27,2.607318278,0.239058761,0.026898141,0.239440324439092,"State Legislature","Yes",NA,"district",10388.84034,17079.18757,0.608274855,"Republican","Republican","Republican","Republican"
"42","district",4834,"Texas",34,2.242967412,0.262077974,0.03540161,0.202575020314504,"State Legislature","Yes",NA,"district",9099.566563,16202.20394,0.561625233,"Republican","Republican","Republican","Republican"
"43","district",4825,"Texas",25,1.905038938,0.219066689,0.028085806,0.223347201967444,"State Legislature","Yes",NA,"district",7754.034855,12749.77028,0.608170554,"Republican","Republican","Republican","Republican"
"44","district",4821,"Texas",21,1.447977929,0.158525975,0.019470065,0.269082509992316,"State Legislature","Yes",NA,"district",5920.488608,7624.438242,0.776514731,"Republican","Republican","Republican","Republican"
"45","district",4828,"Texas",28,2.258419103,0.254985645,0.031837666,0.208925509443226,"State Legislature","Yes",NA,"district",9506.564353,18970.01231,0.501136436,"Republican","Republican","Republican","Republican"
"46","district",4836,"Texas",36,1.845395412,0.166478974,0.018841959,0.289261250658807,"State Legislature","Yes",NA,"district",7594.021025,9655.576443,0.786490695,"Republican","Republican","Republican","Republican"
"47","district",4806,"Texas",6,0.555333761,0.088967125,0.012875727,0.296928862105237,"State Legislature","Yes",NA,"district",2242.078041,2899.916437,0.773152637,"Republican","Republican","Republican","Republican"
"48","district",4810,"Texas",10,1.244015613,0.166334162,0.02205506,0.237703946922516,"State Legislature","Yes",NA,"district",5138.79252,7054.546558,0.72843697,"Republican","Republican","Republican","Republican"
"49","district",4811,"Texas",11,6.953106269,0.340731548,0.046307428,0.274335505494558,"State Legislature","Yes",NA,"district",28065.40915,45547.7252,0.616175869,"Republican","Republican","Republican","Republican"
"50","district",4819,"Texas",19,6.498363013,0.271931936,0.041307125,0.332312518284933,"State Legislature","Yes",NA,"district",25944.10267,36745.15398,0.706055081,"Republican","Republican","Republican","Republican"
"51","district",4817,"Texas",17,1.899012779,0.186982564,0.021194044,0.261256897322378,"State Legislature","Yes",NA,"district",7756.499828,11516.50521,0.673511598,"Republican","Republican","Republican","Republican"
"52","district",4823,"Texas",23,14.13505208,0.485266859,0.06620724,0.274645827855274,"State Legislature","Yes",NA,"district",58340.61788,79951.58388,0.729699339,"Republican","Republican","Republican","Republican"
"53","district",4813,"Texas",13,9.878729373,0.351355218,0.058658825,0.317109365325156,"State Legislature","Yes",NA,"district",38641.83808,57495.27611,0.672087182,"Republican","Republican","Republican","Republican"
"54","district",4801,"Texas",1,2.060328429,0.169685122,0.020196173,0.299867496948703,"State Legislature","Yes",NA,"district",8265.70851,10645.72651,0.776434422,"Republican","Republican","Republican","Republican"
"55","district",4815,"Texas",15,1.867182296,0.239372971,0.036931273,0.202359306481611,"State Legislature","Yes",NA,"district",7874.37167,15076.78329,0.522284596,"Republican","Republican","Republican","Republican"
"56","district",4805,"Texas",5,1.292224888,0.163024957,0.018960523,0.247183733892126,"State Legislature","Yes",NA,"district",5215.681364,7645.453387,0.682193861,"Republican","Republican","Republican","Republican"
"57","district",4824,"Texas",24,0.069841642,0.027692886,0.0040033,0.338293719230468,"State Legislature","Yes",NA,"district",272.3613752,343.0299562,0.793987144,"Republican","Republican","Republican","Republican"
"58","district",4833,"Texas",33,0.056398671,0.049813614,0.004671909,0.169001794465068,"State Legislature","Yes",NA,"district",224.0146558,470.9812925,0.475633872,"Republican","Republican","Republican","Republican"
"59","district",4812,"Texas",12,0.359251807,0.066925225,0.007594726,0.317478684939903,"State Legislature","Yes",NA,"district",1481.54568,1915.120523,0.773604409,"Republican","Republican","Republican","Republican"
"60","district",4826,"Texas",26,0.252326108,0.039228316,0.006298596,0.453927361316527,"State Legislature","Yes",NA,"district",978.7277736,1064.880396,0.919096433,"Republican","Republican","Republican","Republican"
"61","district",4820,"Texas",20,0.05145413,0.032238126,0.003195715,0.249428033863441,"State Legislature","Yes",NA,"district",195.1448852,277.3594377,0.703581197,"Republican","Republican","Republican","Republican"
"62","district",4835,"Texas",35,0.143237172,0.098344953,0.01404447,0.136420841424,"State Legislature","Yes",NA,"district",614.1726832,1612.549802,0.380870521,"Republican","Republican","Republican","Republican"
"63","district",4814,"Texas",14,0.821257357,0.137912075,0.018194946,0.232939037005823,"State Legislature","Yes",NA,"district",2996.398506,5229.438334,0.572986679,"Republican","Republican","Republican","Republican"
"64","district",4831,"Texas",31,0.539264003,0.073526697,0.008780525,0.354046732612696,"State Legislature","Yes",NA,"district",2215.782698,2691.342638,0.823300113,"Republican","Republican","Republican","Republican"
"65","district",4816,"Texas",16,0.181866399,0.0313521,0.005754798,0.48218592612993,"State Legislature","Yes",NA,"district",709.649187,731.1290545,0.970620963,"Republican","Republican","Republican","Republican"
"66","district",4822,"Texas",22,0.257425166,0.081919638,0.008752869,0.219554533056396,"State Legislature","Yes",NA,"district",1057.833785,1478.667796,0.715396513,"Republican","Republican","Republican","Republican"
"67","district",4809,"Texas",9,0.038320193,0.030054673,0.003468611,0.230890874560416,"State Legislature","Yes",NA,"district",169.7130382,268.4669125,0.632156256,"Republican","Republican","Republican","Republican"
"68","district",4829,"Texas",29,0.046664106,0.037800461,0.003815322,0.202581279883476,"State Legislature","Yes",NA,"district",201.698875,295.0339145,0.683646405,"Republican","Republican","Republican","Republican"
"69","district",4807,"Texas",7,0.041410531,0.02893872,0.003575997,0.249276313857797,"State Legislature","Yes",NA,"district",164.7674184,288.1261992,0.571858508,"Republican","Republican","Republican","Republican"
"70","district",4818,"Texas",18,0.056862222,0.04168032,0.003868817,0.202808335503317,"State Legislature","Yes",NA,"district",232.3430104,363.2693844,0.639588747,"Republican","Republican","Republican","Republican"
"71","district",4802,"Texas",2,0.080657825,0.055206291,0.005692039,0.182364212284829,"State Legislature","Yes",NA,"district",334.5239998,772.5887639,0.432991024,"Republican","Republican","Republican","Republican"
"72","district",4832,"Texas",32,0.04944541,0.033251906,0.003506336,0.23705623312657,"State Legislature","Yes",NA,"district",193.356297,308.4320231,0.626900849,"Republican","Republican","Republican","Republican"
"73","district",4803,"Texas",3,0.127785482,0.031082091,0.004607969,0.407695072149342,"State Legislature","Yes",NA,"district",522.266893,590.7988415,0.884001214,"Republican","Republican","Republican","Republican"
"74","district",4830,"Texas",30,0.092092076,0.037972387,0.004328488,0.283301037663847,"State Legislature","Yes",NA,"district",365.4821395,481.1349213,0.759625052,"Republican","Republican","Republican","Republican"
"75","district",4704,"Tennessee",4,1.567419498,0.186760071,0.019656556,0.237636706175045,"State Legislature","Yes",NA,"district",6095.263482,8830.71984,0.690234046,"Republican","Republican","Republican","Republican"
"76","district",4702,"Tennessee",2,0.632437698,0.13203142,0.012936739,0.213518992954721,"State Legislature","Yes",NA,"district",2439.936477,4384.473571,0.556494739,"Republican","Republican","Republican","Republican"
"77","district",4708,"Tennessee",8,1.809856524,0.155848217,0.018359356,0.306002636097914,"State Legislature","Yes",NA,"district",6974.852948,8459.415219,0.824507696,"Republican","Republican","Republican","Republican"
"78","district",4706,"Tennessee",6,1.714519593,0.147986584,0.020454438,0.313656153951776,"State Legislature","Yes",NA,"district",6609.499136,9266.837084,0.713242186,"Republican","Republican","Republican","Republican"
"79","district",4701,"Tennessee",1,1.092898079,0.130380686,0.017656359,0.284237583037222,"State Legislature","Yes",NA,"district",4241.14679,5484.893683,0.773241385,"Republican","Republican","Republican","Republican"
"80","district",4705,"Tennessee",5,0.331438764,0.06385039,0.007943601,0.319626683188982,"State Legislature","Yes",NA,"district",1274.974212,1604.211447,0.794766933,"Republican","Republican","Republican","Republican"
"81","district",4707,"Tennessee",7,2.392848812,0.185945486,0.022673011,0.294901459385484,"State Legislature","Yes",NA,"district",9327.858728,12951.73588,0.720201432,"Republican","Republican","Republican","Republican"
"82","district",4703,"Tennessee",3,1.216975154,0.180797648,0.019442177,0.216298252841244,"State Legislature","Yes",NA,"district",4677.869241,7625.326301,0.613464796,"Republican","Republican","Republican","Republican"
"83","district",4709,"Tennessee",9,0.129330651,0.045945631,0.005432818,0.277467067043689,"State Legislature","Yes",NA,"district",512.2449082,738.3655074,0.693755197,"Republican","Republican","Republican","Republican"
"84","district",4600,"South Dakota",0,22.58619975,0.347555737,0.058604895,0.484732403685284,NA,NA,NA,"district",77111.60542,82341.71231,0.936482899,"Republican","Republican","Republican","Republican"
"85","district",4504,"South Carolina",4,0.336074271,0.06217641,0.008680391,0.330519374282896,"State Legislature","Yes",NA,"district",1336.338852,1635.905643,0.816880153,"Republican","Republican","Republican","Republican"
"86","district",4503,"South Carolina",3,1.388952471,0.126988842,0.016210268,0.328990275853351,"State Legislature","Yes",NA,"district",5469.515747,6351.685573,0.861112485,"Republican","Republican","Republican","Republican"
"87","district",4507,"South Carolina",7,1.445660176,0.136146447,0.01974097,0.313062989942863,"State Legislature","Yes",NA,"district",5448.867595,6880.288078,0.791953409,"Republican","Republican","Republican","Republican"
"88","district",4505,"South Carolina",5,1.429126867,0.152330795,0.018462461,0.278197110780134,"State Legislature","Yes",NA,"district",5613.837049,7388.761062,0.759780564,"Republican","Republican","Republican","Republican"
"89","district",4501,"South Carolina",1,0.59736236,0.151279367,0.015951641,0.181110721392261,"State Legislature","Yes",NA,"district",1779.02292,3551.815495,0.500877065,"Republican","Republican","Republican","Republican"
"90","district",4506,"South Carolina",6,2.101275409,0.286667853,0.021424697,0.179253410449201,"State Legislature","Yes",NA,"district",8400.840993,12446.33101,0.674965256,"Republican","Republican","Republican","Republican"
"91","district",4502,"South Carolina",2,0.785409435,0.126665524,0.013748562,0.248024489814136,"State Legislature","Yes",NA,"district",3086.600559,4240.232573,0.727931901,"Republican","Republican","Republican","Republican"
"92","district",4401,"Rhode Island",1,0.14586396,0.043645327,0.007474307,0.310199562015072,"State Legislature","Yes",NA,"district",383.8895491,624.2419828,0.61496913,"Democrat","Democrat","Democrat","Democrat"
"93","district",4402,"Rhode Island",2,0.293582122,0.056850541,0.008330743,0.337858720293788,"State Legislature","Yes",NA,"district",853.1351744,1168.117716,0.730350343,"Democrat","Democrat","Democrat","Democrat"
"94","district",4206,"Pennsylvania",6,0.239037654,0.093898102,0.009041649,0.184578570052203,"State Legislature","Yes",NA,"district",876.3425661,1621.953344,0.540300724,"Republican","Republican","Democrat","Republican"
"95","district",4216,"Pennsylvania",16,0.288328547,0.080957778,0.008048206,0.235120325267995,"State Legislature","Yes",NA,"district",1057.057876,1672.787098,0.631914173,"Republican","Republican","Democrat","Republican"
"96","district",4215,"Pennsylvania",15,0.357706638,0.091479678,0.012811119,0.231762840242442,"State Legislature","Yes",NA,"district",1291.686513,2145.479406,0.602050297,"Republican","Republican","Democrat","Republican"
"97","district",4209,"Pennsylvania",9,1.580862469,0.193084589,0.01994241,0.230836438175449,"State Legislature","Yes",NA,"district",5789.651955,8685.836347,0.666562404,"Republican","Republican","Democrat","Republican"
"98","district",4201,"Pennsylvania",1,0.022868502,0.026871338,0.004035993,0.199496140821189,"State Legislature","Yes",NA,"district",68.55546348,119.1891056,0.575182297,"Republican","Republican","Democrat","Republican"
"99","district",4207,"Pennsylvania",7,0.239346688,0.126705791,0.008224396,0.136874384317992,"State Legislature","Yes",NA,"district",890.7664596,1851.558515,0.481090094,"Republican","Republican","Democrat","Republican"
"100","district",4217,"Pennsylvania",17,0.481783714,0.145877659,0.012835869,0.168671693105354,"State Legislature","Yes",NA,"district",1744.025681,3733.275714,0.467156946,"Republican","Republican","Democrat","Republican"
"101","district",4218,"Pennsylvania",18,0.573721273,0.104161998,0.012700888,0.257778152581697,"State Legislature","Yes",NA,"district",2074.996831,3104.670079,0.668346967,"Republican","Republican","Democrat","Republican"
"102","district",4214,"Pennsylvania",14,0.062115796,0.038097597,0.004327375,0.231904072824177,"State Legislature","Yes",NA,"district",208.4344148,350.4456989,0.594769505,"Republican","Republican","Democrat","Republican"
"103","district",4212,"Pennsylvania",12,0.601379799,0.140516268,0.016076927,0.195637787669888,"State Legislature","Yes",NA,"district",2195.692956,4993.696424,0.439692919,"Republican","Republican","Democrat","Republican"
"104","district",4210,"Pennsylvania",10,2.368744174,0.235095713,0.02519523,0.232070160068099,"State Legislature","Yes",NA,"district",8490.824284,14263.94597,0.595264754,"Republican","Republican","Democrat","Republican"
"105","district",4211,"Pennsylvania",11,0.952133177,0.159983987,0.021265803,0.216210741125261,"State Legislature","Yes",NA,"district",3444.499959,6035.288538,0.570726642,"Republican","Republican","Democrat","Republican"
"106","district",4203,"Pennsylvania",3,1.309839815,0.135259612,0.019513194,0.299947943347006,"State Legislature","Yes",NA,"district",3902.723765,5694.581773,0.685339841,"Republican","Republican","Democrat","Republican"
"107","district",4205,"Pennsylvania",5,2.998864118,0.191307151,0.024428799,0.320886999108745,"State Legislature","Yes",NA,"district",10809.32544,14670.92182,0.736785703,"Republican","Republican","Democrat","Republican"
"108","district",4204,"Pennsylvania",4,0.421522121,0.060914674,0.009569975,0.377827176761953,"State Legislature","Yes",NA,"district",1518.31713,1768.583286,0.858493429,"Republican","Republican","Democrat","Republican"
"109","district",4208,"Pennsylvania",8,0.198708742,0.048022383,0.006750296,0.329055922503003,"State Legislature","Yes",NA,"district",721.4705278,924.9529492,0.780007814,"Republican","Republican","Democrat","Republican"
"110","district",4202,"Pennsylvania",2,0.020087198,0.012113977,0.001903179,0.414741856602478,"State Legislature","Yes",NA,"district",66.70613502,77.60245524,0.859587945,"Republican","Republican","Democrat","Republican"
"111","district",4213,"Pennsylvania",13,0.042492149,0.037029508,0.003648862,0.197338279785825,"State Legislature","Yes",NA,"district",160.827625,236.2972109,0.680615841,"Republican","Republican","Democrat","Republican"
"112","district",4101,"Oregon",1,0.978246534,0.105101022,0.013585014,0.333597011820926,"State Legislature","Yes",NA,"district",3088.119227,4290.34111,0.719784079,"Democrat","Democrat","Democrat","Democrat"
"113","district",4103,"Oregon",3,0.334220068,0.065987222,0.008605524,0.310571320256301,"State Legislature","Yes",NA,"district",1116.402858,1565.43991,0.713155996,"Democrat","Democrat","Democrat","Democrat"
"114","district",4105,"Oregon",5,1.66970969,0.184076016,0.019146551,0.248844593524772,"State Legislature","Yes",NA,"district",5265.619433,8636.896897,0.609665658,"Democrat","Democrat","Democrat","Democrat"
"115","district",4102,"Oregon",2,20.38757869,0.368903621,0.056965424,0.433885202640704,"State Legislature","Yes",NA,"district",70163.86282,80651.29141,0.86996577,"Democrat","Democrat","Democrat","Democrat"
"116","district",4104,"Oregon",4,5.233951169,0.20782463,0.029267843,0.390231882766956,"State Legislature","Yes",NA,"district",17422.59522,20135.54926,0.865265456,"Democrat","Democrat","Democrat","Democrat"
"117","district",4005,"Oklahoma",5,0.538491419,0.082865093,0.012307623,0.313922687305748,"State Legislature","Yes",NA,"district",2085.643726,3103.108833,0.672114269,"Republican","Republican","Republican","Republican"
"118","district",4004,"Oklahoma",4,2.530523375,0.189097705,0.021845364,0.298211131549248,"State Legislature","Yes",NA,"district",9928.271501,13013.40411,0.76292655,"Republican","Republican","Republican","Republican"
"119","district",4001,"Oklahoma",1,0.436973811,0.082206887,0.014206449,0.285052224140855,"State Legislature","Yes",NA,"district",1673.051133,3399.009329,0.492217282,"Republican","Republican","Republican","Republican"
"120","district",4002,"Oklahoma",2,5.57651515,0.266725303,0.034267392,0.313850018116113,"State Legislature","Yes",NA,"district",21746.68448,26928.74583,0.807563955,"Republican","Republican","Republican","Republican"
"121","district",4003,"Oklahoma",3,8.907127066,0.321095202,0.060424025,0.329488256177909,"State Legislature","Yes",NA,"district",34431.20018,49282.95393,0.698643191,"Republican","Republican","Republican","Republican"
"122","district",3901,"Ohio",1,0.191137413,0.058297502,0.007631293,0.265844596787782,"State Legislature","Yes",NA,"district",692.4072837,1118.214774,0.619207776,"Republican","Republican","Republican","Republican"
"123","district",3903,"Ohio",3,0.064124516,0.043756541,0.003151189,0.205151170329495,"State Legislature","Yes",NA,"district",241.1707775,348.6731568,0.691681516,"Republican","Republican","Republican","Republican"
"124","district",3912,"Ohio",12,0.635064485,0.106059701,0.014777064,0.26635659025163,"State Legislature","Yes",NA,"district",2286.387517,3684.191865,0.620594041,"Republican","Republican","Republican","Republican"
"125","district",3914,"Ohio",14,0.94796122,0.0838331,0.012627781,0.411703625754505,"State Legislature","Yes",NA,"district",2005.562586,2405.635624,0.833693418,"Republican","Republican","Republican","Republican"
"126","district",3911,"Ohio",11,0.202880698,0.060121189,0.011248532,0.265581449129566,"State Legislature","Yes",NA,"district",237.5044334,506.0153712,0.469362092,"Republican","Republican","Republican","Republican"
"127","district",3905,"Ohio",5,1.553512976,0.119859048,0.015666132,0.368630742193965,"State Legislature","Yes",NA,"district",5661.214183,7351.117462,0.770116137,"Republican","Republican","Republican","Republican"
"128","district",3904,"Ohio",4,1.313239187,0.158958134,0.022831438,0.255560714004374,"State Legislature","Yes",NA,"district",4704.445959,8656.208437,0.543476511,"Republican","Republican","Republican","Republican"
"129","district",3907,"Ohio",7,1.062921799,0.147265285,0.013575028,0.248173386359101,"State Legislature","Yes",NA,"district",3914.219276,6383.093948,0.613216617,"Republican","Republican","Republican","Republican"
"130","district",3916,"Ohio",16,0.345345286,0.086845162,0.00929523,0.239875596931124,"State Legislature","Yes",NA,"district",1228.150354,2134.937451,0.575262921,"Republican","Republican","Republican","Republican"
"131","district",3913,"Ohio",13,0.253407726,0.082573435,0.00927511,0.216109822445956,"State Legislature","Yes",NA,"district",918.1275066,1535.494952,0.597935868,"Republican","Republican","Republican","Republican"
"132","district",3908,"Ohio",8,0.664577214,0.087987441,0.012248669,0.328440699502115,"State Legislature","Yes",NA,"district",2467.278885,3982.763413,0.619489191,"Republican","Republican","Republican","Republican"
"133","district",3902,"Ohio",2,0.876728927,0.108531651,0.014449437,0.305830778617259,"State Legislature","Yes",NA,"district",3255.147537,3973.928707,0.819125801,"Republican","Republican","Republican","Republican"
"134","district",3906,"Ohio",6,1.988941618,0.21632649,0.027658932,0.231103352690963,"State Legislature","Yes",NA,"district",7233.355215,12003.7739,0.602590091,"Republican","Republican","Republican","Republican"
"135","district",3909,"Ohio",9,0.601379799,0.085941684,0.014749604,0.319871458454887,"State Legislature","Yes",NA,"district",538.9097213,1686.675544,0.319510011,"Republican","Republican","Republican","Republican"
"136","district",3915,"Ohio",15,1.291297786,0.156639244,0.017837101,0.257168372733345,"State Legislature","Yes",NA,"district",4780.062382,6922.159409,0.690544973,"Republican","Republican","Republican","Republican"
"137","district",3910,"Ohio",10,0.308879296,0.049097004,0.009885303,0.401277066546367,"State Legislature","Yes",NA,"district",1140.390936,1305.883795,0.873271374,"Republican","Republican","Republican","Republican"
"138","district",3800,"North Dakota",0,21.85317155,0.307077849,0.053605315,0.539651861775538,NA,NA,NA,"district",70708.73221,71451.60413,0.989603146,"Republican","Republican","Republican","Republican"
"139","district",3701,"North Carolina",1,1.4614209,0.333005213,0.020500198,0.128689038722297,"State Legislature","No",NA,"district",6076.846737,8739.340019,0.695343896,"Republican","Republican","Democrat","Republican"
"140","district",3703,"North Carolina",3,3.086011653,0.311699478,0.029599824,0.199787189668531,"State Legislature","No",NA,"district",10574.73481,13578.72184,0.778772475,"Republican","Republican","Democrat","Republican"
"141","district",3706,"North Carolina",6,0.972992959,0.152401393,0.01859267,0.229440903494404,"State Legislature","No",NA,"district",3986.289879,5218.301959,0.76390556,"Republican","Republican","Democrat","Republican"
"142","district",3705,"North Carolina",5,0.936217936,0.135004635,0.01375474,0.254064936099163,"State Legislature","No",NA,"district",3995.330627,5166.024232,0.773385963,"Republican","Republican","Democrat","Republican"
"143","district",3709,"North Carolina",9,0.229921157,0.101327012,0.010502459,0.16775256293028,"State Legislature","No",NA,"district",3918.787624,6106.0748,0.641785067,"Republican","Republican","Democrat","Republican"
"144","district",3708,"North Carolina",8,1.172628802,0.13199683,0.018732065,0.290818285070778,"State Legislature","No",NA,"district",2995.069271,4436.347032,0.6751206,"Republican","Republican","Democrat","Republican"
"145","district",3712,"North Carolina",12,0.139528766,0.120060679,0.013965594,0.110289968708837,"State Legislature","No",NA,"district",413.3957475,518.6460052,0.797067255,"Republican","Republican","Democrat","Republican"
"146","district",3710,"North Carolina",10,0.672457576,0.101022913,0.014632623,0.287751429719682,"State Legislature","No",NA,"district",2637.035925,3690.537363,0.714539826,"Republican","Republican","Democrat","Republican"
"147","district",3711,"North Carolina",11,1.777871524,0.169150879,0.024175645,0.279435037485753,"State Legislature","No",NA,"district",6676.84492,8094.891549,0.824822035,"Republican","Republican","Democrat","Republican"
"148","district",3702,"North Carolina",2,0.850152019,0.172620365,0.013605368,0.189348206873351,"State Legislature","No",NA,"district",2733.181721,3811.806538,0.717030546,"Republican","Republican","Democrat","Republican"
"149","district",3704,"North Carolina",4,0.273340407,0.138738607,0.012434114,0.133585561637673,"State Legislature","No",NA,"district",735.0461216,1231.09164,0.597068567,"Republican","Republican","Democrat","Republican"
"150","district",3713,"North Carolina",13,0.604006587,0.181573012,0.012037338,0.151731052918264,"State Legislature","No",NA,"district",1876.515023,2866.741031,0.654581283,"Republican","Republican","Democrat","Republican"
"151","district",3707,"North Carolina",7,1.678517154,0.218205621,0.019436635,0.210475664894192,"State Legislature","No",NA,"district",6084.954588,7954.769673,0.764944158,"Republican","Republican","Democrat","Republican"
"152","district",3624,"New York",24,1.047470108,0.083651042,0.012178802,0.433714953602892,"State Legislature","Yes",NA,"district",2485.329095,3270.486182,0.759926493,"Republican","Democrat","Democrat","Democrat"
"153","district",3627,"New York",27,1.483671335,0.114746852,0.013968329,0.376298948909239,"State Legislature","Yes",NA,"district",4013.741192,5208.914095,0.770552388,"Republican","Democrat","Democrat","Democrat"
"154","district",3625,"New York",25,0.361415044,0.044831842,0.006727042,0.475358716778998,"State Legislature","Yes",NA,"district",518.7440907,602.1168191,0.861533965,"Republican","Democrat","Democrat","Democrat"
"155","district",3611,"New York",11,0.032757584,0.015618735,0.002384386,0.410785407244268,"State Legislature","Yes",NA,"district",74.51633107,101.448691,0.734522352,"Republican","Democrat","Democrat","Democrat"
"156","district",3605,"New York",5,0.033530169,0.019592879,0.00308086,0.331302373154555,"State Legislature","Yes",NA,"district",57.47712773,64.72995668,0.887952514,"Republican","Democrat","Democrat","Democrat"
"157","district",3602,"New York",2,0.089774323,0.025809708,0.003943201,0.411526598217597,"State Legislature","Yes",NA,"district",231.9207074,271.2526117,0.854998984,"Republican","Democrat","Democrat","Democrat"
"158","district",3603,"New York",3,0.101517607,0.025866859,0.004324323,0.436648449353258,"State Legislature","Yes",NA,"district",293.3633756,348.1115555,0.842728059,"Republican","Democrat","Democrat","Democrat"
"159","district",3604,"New York",4,0.048363792,0.018004793,0.002619292,0.43298910803523,"State Legislature","Yes",NA,"district",136.5831769,146.3950957,0.932976451,"Republican","Democrat","Democrat","Democrat"
"160","district",3622,"New York",22,1.486143605,0.141588935,0.0185529,0.305215092704328,"State Legislature","Yes",NA,"district",5206.725513,8050.963237,0.646720816,"Republican","Democrat","Democrat","Democrat"
"161","district",3623,"New York",23,2.272480142,0.146042093,0.025645086,0.365912235673615,"State Legislature","Yes",NA,"district",7569.718611,9800.998791,0.772341551,"Republican","Democrat","Democrat","Democrat"
"162","district",3621,"New York",21,4.767619145,0.180177212,0.027215156,0.429591665501845,"State Legislature","Yes",NA,"district",15982.72684,17419.78419,0.917504296,"Republican","Democrat","Democrat","Democrat"
"163","district",3619,"New York",19,2.293803475,0.165560188,0.019533941,0.324285196911315,"State Legislature","Yes",NA,"district",8084.858689,10566.757,0.765122042,"Republican","Democrat","Democrat","Democrat"
"164","district",3618,"New York",18,0.39509973,0.066436611,0.009255292,0.335390554795443,"State Legislature","Yes",NA,"district",1422.407603,1948.647034,0.729946254,"Republican","Democrat","Democrat","Democrat"
"165","district",3614,"New York",14,0.012206836,0.010972463,0.001710299,0.356945870417496,"State Legislature","Yes",NA,"district",43.81930123,61.52863459,0.712177371,"Republican","Democrat","Democrat","Democrat"
"166","district",3606,"New York",6,0.008652947,0.008403578,0.001381379,0.392394325553084,"State Legislature","Yes",NA,"district",24.65187803,31.12368863,0.792061581,"Republican","Democrat","Democrat","Democrat"
"167","district",3608,"New York",8,0.012052319,0.013462281,0.001928035,0.289082358726401,"State Legislature","Yes",NA,"district",47.10644501,93.13034654,0.50581198,"Republican","Democrat","Democrat","Democrat"
"168","district",3620,"New York",20,0.361724078,0.057290442,0.007611733,0.37214438299663,"State Legislature","Yes",NA,"district",1274.703312,1618.125687,0.787765327,"Republican","Democrat","Democrat","Democrat"
"169","district",3607,"New York",7,0.004635507,0.013062193,0.001398249,0.184772551621232,"State Legislature","Yes",NA,"district",28.29558765,41.39332574,0.683578503,"Republican","Democrat","Democrat","Democrat"
"170","district",3612,"New York",12,0.004326473,0.004903213,0.000835289,0.475544508733755,"State Legislature","Yes",NA,"district",27.90230336,29.56457076,0.94377502,"Republican","Democrat","Democrat","Democrat"
"171","district",3610,"New York",10,0.007262295,0.01813843,0.0021835,0.166549058452888,"State Legislature","Yes",NA,"district",13.17165921,18.04152196,0.730074726,"Republican","Democrat","Democrat","Democrat"
"172","district",3613,"New York",13,0.00401744,0.005895433,0.000996966,0.381121916413955,"State Legislature","Yes",NA,"district",4.125219388,4.162839346,0.990962909,"Republican","Democrat","Democrat","Democrat"
"173","district",3626,"New York",26,0.065978719,0.021002244,0.003903737,0.433551977993142,"State Legislature","Yes",NA,"district",238.2034654,296.3804187,0.803708512,"Republican","Democrat","Democrat","Democrat"
"174","district",3616,"New York",16,0.029049178,0.015351418,0.002200248,0.393571243297484,"State Legislature","Yes",NA,"district",86.48092503,110.006575,0.786143237,"Republican","Democrat","Democrat","Democrat"
"175","district",3615,"New York",15,0.00401744,0.004600807,0.000839373,0.488366219893612,"State Legislature","Yes",NA,"district",22.25057201,22.25057201,1,"Republican","Democrat","Democrat","Democrat"
"176","district",3617,"New York",17,0.122531907,0.03184844,0.004441809,0.389620109201835,"State Legislature","Yes",NA,"district",437.1065472,477.7252892,0.914974687,"Republican","Democrat","Democrat","Democrat"
"177","district",3609,"New York",9,0.003862923,0.007282962,0.001051562,0.302520572605923,"State Legislature","Yes",NA,"district",19.98029189,20.64880569,0.967624578,"Republican","Democrat","Democrat","Democrat"
"178","district",3601,"New York",1,0.540809172,0.062292822,0.010713301,0.418493725016297,"State Legislature","Yes",NA,"district",918.4683044,1466.077164,0.626480193,"Republican","Democrat","Democrat","Democrat"
"179","district",3502,"New Mexico",2,18.0205342,0.374678214,0.05410986,0.401633861840714,"State Legislature","Yes",NA,"district",71881.74812,84568.10037,0.849986553,"Democrat","Democrat","Republican","Democrat"
"180","district",3501,"New Mexico",1,1.16227617,0.11418199,0.018241742,0.334704838873371,"State Legislature","Yes",NA,"district",4616.364136,6453.361434,0.715342567,"Democrat","Democrat","Republican","Democrat"
"181","district",3503,"New Mexico",3,11.65428314,0.307430824,0.051494498,0.393640980978193,"State Legislature","Yes",NA,"district",45090.61879,56733.03247,0.79478598,"Democrat","Democrat","Republican","Democrat"
"182","district",3409,"New Jersey",9,0.029358212,0.02184353,0.002303152,0.278065372652264,"Politician commission",NA,NA,"district",104.370847,160.3873215,0.650742503,"Democrat","Democrat","Democrat","Democrat"
"183","district",3404,"New Jersey",4,0.194845819,0.055955871,0.005839934,0.2796435567942,"Politician commission",NA,NA,"district",696.2801698,961.1363186,0.724434356,"Democrat","Democrat","Democrat","Democrat"
"184","district",3406,"New Jersey",6,0.116660264,0.053766068,0.006114489,0.225194683088465,"Politician commission",NA,NA,"district",232.4592771,485.4668934,0.478836519,"Democrat","Democrat","Democrat","Democrat"
"185","district",3402,"New Jersey",2,0.77814714,0.095141172,0.01244516,0.328675473917071,"Politician commission",NA,NA,"district",2279.93222,2892.09586,0.788332175,"Democrat","Democrat","Democrat","Democrat"
"186","district",3410,"New Jersey",10,0.020859782,0.021188016,0.002381112,0.241640386943326,"Politician commission",NA,NA,"district",80.89790959,135.0160428,0.599172572,"Democrat","Democrat","Democrat","Democrat"
"187","district",3407,"New Jersey",7,0.272876857,0.068572246,0.007385057,0.270047343639863,"Politician commission",NA,NA,"district",1001.915953,1382.087589,0.724929419,"Democrat","Democrat","Democrat","Democrat"
"188","district",3411,"New Jersey",11,0.147100095,0.044947643,0.004574169,0.302485447592104,"Politician commission",NA,NA,"district",523.656364,721.5603413,0.725727751,"Democrat","Democrat","Democrat","Democrat"
"189","district",3408,"New Jersey",8,0.019005579,0.023732283,0.00239481,0.205923525955401,"Politician commission",NA,NA,"district",66.03024438,116.6630072,0.565991277,"Democrat","Democrat","Democrat","Democrat"
"190","district",3401,"New Jersey",1,0.100435989,0.040624703,0.005391635,0.276540926343289,"Politician commission",NA,NA,"district",370.1759178,509.6361315,0.726353363,"Democrat","Democrat","Democrat","Democrat"
"191","district",3405,"New Jersey",5,0.285856277,0.070635101,0.009927482,0.268323202127283,"Politician commission",NA,NA,"district",1037.690966,1734.432608,0.598288433,"Democrat","Democrat","Democrat","Democrat"
"192","district",3403,"New Jersey",3,0.310888016,0.076407609,0.007957186,0.258684443907055,"Politician commission",NA,NA,"district",998.470667,1422.045315,0.702137025,"Democrat","Democrat","Democrat","Democrat"
"193","district",3412,"New Jersey",12,0.113724443,0.048384946,0.005651162,0.247070890498894,"Politician commission",NA,NA,"district",401.4068787,647.8625205,0.619586511,"Democrat","Democrat","Democrat","Democrat"
"194","district",3301,"New Hampshire",1,0.776911005,0.123841929,0.014728332,0.252303259135667,"State Legislature","Yes",NA,"district",2648.320139,4057.004326,0.652777253,"Republican","Republican","Republican","Republican"
"195","district",3302,"New Hampshire",2,1.922653866,0.198862511,0.027932421,0.247173874860568,"State Legislature","Yes",NA,"district",6632.890883,9385.727336,0.70669972,"Republican","Republican","Republican","Republican"
"196","district",3204,"Nevada",4,13.51064926,0.308133406,0.048890644,0.422867450511906,"State Legislature","Yes",NA,"district",51209.25219,58552.27695,0.874590278,"Democrat","Democrat","Republican","Democrat"
"197","district",3202,"Nevada",2,15.47548624,0.284650883,0.048574936,0.489908019193753,"State Legislature","Yes",NA,"district",56355.79705,62975.56891,0.894883493,"Democrat","Democrat","Republican","Democrat"
"198","district",3201,"Nevada",1,0.026885942,0.012494174,0.002055637,0.465221750261127,"State Legislature","Yes",NA,"district",102.5629158,111.9828689,0.91588041,"Democrat","Democrat","Republican","Democrat"
"199","district",3203,"Nevada",3,0.748479894,0.089009716,0.014064077,0.344554229977165,"State Legislature","Yes",NA,"district",2890.207176,3151.202284,0.917176022,"Democrat","Democrat","Republican","Democrat"
"200","district",3102,"Nebraska",2,0.147254612,0.033439262,0.00497385,0.406801645371994,"State Legislature","Yes",NA,"district",537.2524921,608.1539708,0.88341525,"Republican","Republican","Republican","Republican"
"201","district",3103,"Nebraska",3,18.93604687,0.393979998,0.070237099,0.391539352508765,"State Legislature","Yes",NA,"district",67840.21864,82289.99304,0.824404233,"Republican","Republican","Republican","Republican"
"202","district",3101,"Nebraska",1,2.497456757,0.15904089,0.020614295,0.352245232029478,"State Legislature","Yes",NA,"district",8983.715911,10772.17064,0.833974527,"Republican","Republican","Republican","Republican"
"203","district",3000,"Montana",0,45.12419023,0.517744005,0.082468122,0.4599329922841,NA,NA,NA,"district",146953.0818,159075.6634,0.923793612,"Republican","Republican","Democrat","Republican"
"204","district",2903,"Missouri",3,1.879389132,0.162414814,0.020196505,0.299217953648094,"State Legislature","Yes",NA,"district",6975.95014,8992.400732,0.775760595,"Republican","Republican","Republican","Republican"
"205","district",2905,"Missouri",5,0.665504316,0.110792171,0.012695245,0.261018504840002,"State Legislature","Yes",NA,"district",2447.404571,3535.624567,0.692212797,"Republican","Republican","Republican","Republican"
"206","district",2906,"Missouri",6,5.013146509,0.276363852,0.036765152,0.287196334850396,"State Legislature","Yes",NA,"district",18382.49843,24130.57849,0.761792695,"Republican","Republican","Republican","Republican"
"207","district",2907,"Missouri",7,1.656575753,0.107157931,0.015636825,0.425780985186055,"State Legislature","Yes",NA,"district",6357.887451,7751.877165,0.820173916,"Republican","Republican","Republican","Republican"
"208","district",2904,"Missouri",4,3.897688963,0.233941014,0.028216022,0.299159055682558,"State Legislature","Yes",NA,"district",14728.64614,21703.83559,0.678619504,"Republican","Republican","Republican","Republican"
"209","district",2908,"Missouri",8,5.271498777,0.233683084,0.028447035,0.348292972274702,"State Legislature","Yes",NA,"district",20047.5638,24667.0128,0.812727668,"Republican","Republican","Republican","Republican"
"210","district",2902,"Missouri",2,0.125622245,0.037280335,0.004703154,0.337022115980359,"State Legislature","Yes",NA,"district",490.0213187,617.9356619,0.792997312,"Republican","Republican","Republican","Republican"
"211","district",2901,"Missouri",1,0.062888381,0.026014583,0.003481717,0.341722260388832,"State Legislature","Yes",NA,"district",234.6552984,311.115197,0.754239268,"Republican","Republican","Republican","Republican"
"212","district",2804,"Mississippi",4,2.178379346,0.136288704,0.020677341,0.383894442982417,"State Legislature","Yes",NA,"district",8150.588202,9557.427791,0.852801442,"Republican","Republican","Republican","Republican"
"213","district",2801,"Mississippi",1,2.713162358,0.160967863,0.023194453,0.362746846084416,"State Legislature","Yes",NA,"district",10729.14252,13135.87808,0.816781524,"Republican","Republican","Republican","Republican"
"214","district",2803,"Mississippi",3,3.184747957,0.254967578,0.033226633,0.248117563259094,"State Legislature","Yes",NA,"district",12888.02711,20147.24312,0.639691844,"Republican","Republican","Republican","Republican"
"215","district",2802,"Mississippi",2,3.991944275,0.318792109,0.030466025,0.222172143073161,"State Legislature","Yes",NA,"district",15839.7097,19978.754,0.792827706,"Republican","Republican","Republican","Republican"
"216","district",2703,"Minnesota",3,0.174913138,0.038750468,0.005031602,0.38259491681952,"State Legislature","Yes",NA,"district",578.3524524,756.5990385,0.764410768,"Republican","Republican","Democrat","Republican"
"217","district",2704,"Minnesota",4,0.107080216,0.02426777,0.003793949,0.478001964039672,"State Legislature","Yes",NA,"district",370.3534948,414.2295447,0.894077932,"Republican","Republican","Democrat","Republican"
"218","district",2705,"Minnesota",5,0.042183115,0.015979109,0.002545508,0.455639845809538,"State Legislature","Yes",NA,"district",150.2790693,167.3527765,0.897977747,"Republican","Republican","Democrat","Republican"
"219","district",2702,"Minnesota",2,0.74168115,0.084273116,0.013413461,0.362263434724567,"State Legislature","Yes",NA,"district",2527.525533,3395.934466,0.744279832,"Republican","Republican","Democrat","Republican"
"220","district",2708,"Minnesota",8,10.05781447,0.287242447,0.043105459,0.391388557223403,"State Legislature","Yes",NA,"district",30239.16747,39930.35756,0.757297688,"Republican","Republican","Democrat","Republican"
"221","district",2706,"Minnesota",6,0.885227356,0.107305294,0.014202973,0.310821603364098,"State Legislature","Yes",NA,"district",3031.5942,4861.823259,0.623550886,"Republican","Republican","Democrat","Republican"
"222","district",2707,"Minnesota",7,10.77523646,0.338100733,0.049071768,0.344169375985189,"State Legislature","Yes",NA,"district",35394.39092,48446.10326,0.730593145,"Republican","Republican","Democrat","Republican"
"223","district",2701,"Minnesota",1,3.541063943,0.176491537,0.035470927,0.377961819791497,"State Legislature","Yes",NA,"district",12185.20783,14666.75903,0.830804392,"Republican","Republican","Democrat","Republican"
"224","district",2610,"Michigan",10,1.803675848,0.106693961,0.016933717,0.446215177693151,"State Legislature","Yes",NA,"district",4287.600864,4877.973666,0.878971712,"Republican","Republican","Republican","Republican"
"225","district",2602,"Michigan",2,1.784824785,0.108780882,0.016478234,0.435361629873657,"State Legislature","Yes",NA,"district",3413.043367,4085.394853,0.835425581,"Republican","Republican","Republican","Republican"
"226","district",2611,"Michigan",11,0.126240312,0.042717545,0.005111166,0.294847653604764,"State Legislature","Yes",NA,"district",451.5403721,686.8123489,0.657443584,"Republican","Republican","Republican","Republican"
"227","district",2607,"Michigan",7,1.261321506,0.111078992,0.015750525,0.358414773307802,"State Legislature","Yes",NA,"district",4312.954643,6126.814412,0.703947329,"Republican","Republican","Republican","Republican"
"228","district",2601,"Michigan",1,16.38002821,0.35479162,0.058624896,0.404379286119606,"State Legislature","Yes",NA,"district",26855.27771,58843.83653,0.456382168,"Republican","Republican","Republican","Republican"
"229","district",2608,"Michigan",8,0.438055429,0.059959036,0.011541755,0.391304483279749,"State Legislature","Yes",NA,"district",1542.945907,2018.727226,0.764316192,"Republican","Republican","Republican","Republican"
"230","district",2605,"Michigan",5,1.215120951,0.127519696,0.020738796,0.306434329903031,"State Legislature","Yes",NA,"district",2431.068713,4109.058825,0.591636386,"Republican","Republican","Republican","Republican"
"231","district",2603,"Michigan",3,0.767330957,0.093170465,0.013298446,0.333286734989839,"State Legislature","Yes",NA,"district",2703.854333,3629.263572,0.745014596,"Republican","Republican","Republican","Republican"
"232","district",2604,"Michigan",4,2.492666733,0.131966523,0.019543663,0.424104876942562,"State Legislature","Yes",NA,"district",8661.564292,10715.31453,0.808335049,"Republican","Republican","Republican","Republican"
"233","district",2614,"Michigan",14,0.06041611,0.040907804,0.005135411,0.212997813392093,"State Legislature","Yes",NA,"district",177.1631894,396.7639169,0.446520416,"Republican","Republican","Republican","Republican"
"234","district",2609,"Michigan",9,0.0539264,0.023020485,0.003887997,0.357594785487592,"State Legislature","Yes",NA,"district",186.8141543,268.7122956,0.695219971,"Republican","Republican","Republican","Republican"
"235","district",2606,"Michigan",6,1.440252084,0.086940495,0.01528967,0.489330267243112,"State Legislature","Yes",NA,"district",3660.108308,4214.007746,0.868557565,"Republican","Republican","Republican","Republican"
"236","district",2612,"Michigan",12,0.120832221,0.040428371,0.005554533,0.304796565292865,"State Legislature","Yes",NA,"district",423.7924883,632.9569218,0.669543967,"Republican","Republican","Republican","Republican"
"237","district",2613,"Michigan",13,0.058098357,0.03014812,0.003991562,0.283417473477955,"State Legislature","Yes",NA,"district",205.3026886,310.3066319,0.661612313,"Republican","Republican","Republican","Republican"
"238","district",2504,"Massachusetts",4,0.194382268,0.063091831,0.006607716,0.247719459189051,"State Legislature","Yes",NA,"district",694.675875,1030.199087,0.67431226,"Democrat","Democrat","Republican","Democrat"
"239","district",2509,"Massachusetts",9,0.896816124,0.104852034,0.011226359,0.320169366216868,"State Legislature","Yes",NA,"district",1577.158687,3527.618758,0.447088757,"Democrat","Democrat","Republican","Democrat"
"240","district",2508,"Massachusetts",8,0.139528766,0.057157813,0.005258437,0.231665416066071,"State Legislature","Yes",NA,"district",350.4572937,601.9554425,0.582198065,"Democrat","Democrat","Republican","Democrat"
"241","district",2501,"Massachusetts",1,0.680492456,0.081452438,0.013755619,0.35901492337992,"State Legislature","Yes",NA,"district",2380.188712,3195.766269,0.744794366,"Democrat","Democrat","Republican","Democrat"
"242","district",2502,"Massachusetts",2,0.482247265,0.07532404,0.010806806,0.326818184651439,"State Legislature","Yes",NA,"district",1734.315112,2198.646945,0.788810189,"Democrat","Democrat","Republican","Democrat"
"243","district",2503,"Massachusetts",3,0.225285649,0.059649607,0.008387486,0.282074683205701,"State Legislature","Yes",NA,"district",782.3762895,1141.417062,0.68544296,"Democrat","Democrat","Republican","Democrat"
"244","district",2505,"Massachusetts",5,0.081739443,0.04098897,0.005138035,0.247259942433507,"State Legislature","Yes",NA,"district",282.2780351,382.1056499,0.738743421,"Democrat","Democrat","Republican","Democrat"
"245","district",2507,"Massachusetts",7,0.02997628,0.033068533,0.003755193,0.185600384411836,"State Legislature","Yes",NA,"district",88.63145678,137.266383,0.64568946,"Democrat","Democrat","Republican","Democrat"
"246","district",2506,"Massachusetts",6,0.244291229,0.051513313,0.006281476,0.34012565211178,"State Legislature","Yes",NA,"district",579.8245966,780.1016576,0.743267997,"Democrat","Democrat","Republican","Democrat"
"247","district",2404,"Maryland",4,0.084984298,0.055396812,0.005566502,0.186547530903683,"State Legislature","Yes",NA,"district",322.2388436,540.8873574,0.595759615,"Democrat","Democrat","Republican","Democrat"
"248","district",2405,"Maryland",5,0.611577915,0.086288495,0.012094508,0.321275741566275,"State Legislature","Yes",NA,"district",1613.13743,2224.274107,0.725242192,"Democrat","Democrat","Republican","Democrat"
"249","district",2408,"Maryland",8,0.235483765,0.095690552,0.008865329,0.17976964366649,"State Legislature","Yes",NA,"district",891.8566376,1614.241733,0.552492616,"Democrat","Democrat","Republican","Democrat"
"250","district",2401,"Maryland",1,1.479962929,0.169166721,0.023672025,0.254926755808399,"State Legislature","Yes",NA,"district",4588.43154,8946.301492,0.512885861,"Democrat","Democrat","Republican","Democrat"
"251","district",2403,"Maryland",3,0.106462148,0.09016897,0.006734996,0.128276007813131,"State Legislature","Yes",NA,"district",291.0422511,1018.962667,0.28562602,"Democrat","Democrat","Republican","Democrat"
"252","district",2402,"Maryland",2,0.141692003,0.075631396,0.00695956,0.176431239484056,"State Legislature","Yes",NA,"district",442.9528573,947.3206795,0.467584913,"Democrat","Democrat","Republican","Democrat"
"253","district",2406,"Maryland",6,0.538336902,0.149454599,0.01927129,0.174029440454057,"State Legislature","Yes",NA,"district",1975.536301,5096.92535,0.387593729,"Democrat","Democrat","Republican","Democrat"
"254","district",2407,"Maryland",7,0.136129394,0.066416074,0.005449635,0.196928098604719,"State Legislature","Yes",NA,"district",508.9839918,896.0075312,0.568057716,"Democrat","Democrat","Republican","Democrat"
"255","district",2301,"Maine",1,1.482280683,0.169328568,0.018434506,0.254882442872337,"State Legislature","Yes",NA,"district",3865.057829,7182.124338,0.538149668,"Republican","Democrat","Republican","Republican"
"256","district",2302,"Maine",2,9.040166122,0.322133161,0.038127246,0.330870237637162,"State Legislature","Yes",NA,"district",29770.75587,35201.71137,0.845718993,"Republican","Democrat","Republican","Republican"
"257","district",2205,"Louisiana",5,3.675493651,0.365900883,0.03546464,0.185737379057381,"State Legislature","Yes",NA,"district",14958.26932,26008.00099,0.575141062,NA,NA,NA,NA
"258","district",2201,"Louisiana",1,2.327333643,0.237720986,0.023685832,0.227492316403413,"State Legislature","Yes",NA,"district",6663.984048,11991.04196,0.555746871,NA,NA,NA,NA
"259","district",2206,"Louisiana",6,1.053187234,0.2273689,0.016712059,0.160002461680059,"State Legislature","Yes",NA,"district",4442.193275,7288.402271,0.609487938,NA,NA,NA,NA
"260","district",2202,"Louisiana",2,0.360333426,0.143261195,0.015272371,0.148534944403883,"State Legislature","Yes",NA,"district",1478.568411,3819.465701,0.387113939,NA,NA,NA,NA
"261","district",2204,"Louisiana",4,3.157243947,0.253843813,0.030673405,0.248137509479585,"State Legislature","Yes",NA,"district",12851.50267,20954.15589,0.613315217,NA,NA,NA,NA
"262","district",2203,"Louisiana",3,2.211291447,0.160218428,0.022750489,0.329014818649135,"State Legislature","Yes",NA,"district",8059.156702,10152.49391,0.793810543,NA,NA,NA,NA
"263","district",2106,"Kentucky",6,1.155940976,0.141387129,0.014087343,0.269564616681693,"State Legislature","Yes",NA,"district",4338.318073,5682.788769,0.763413572,"Republican","Republican","Republican","Republican"
"264","district",2102,"Kentucky",2,1.934242634,0.241804584,0.022934714,0.20388997757974,"State Legislature","Yes",NA,"district",7320.958317,11292.69347,0.6482916,"Republican","Republican","Republican","Republican"
"265","district",2104,"Kentucky",4,1.203377667,0.186868304,0.025082245,0.208099128621889,"State Legislature","Yes",NA,"district",4490.874452,8197.240376,0.54785199,"Republican","Republican","Republican","Republican"
"266","district",2103,"Kentucky",3,0.088692704,0.028645035,0.004698227,0.368552636686685,"State Legislature","Yes",NA,"district",331.2772754,419.5442137,0.789612309,"Republican","Republican","Republican","Republican"
"267","district",2105,"Kentucky",5,2.990365688,0.198533119,0.024551755,0.30876930265382,"State Legislature","Yes",NA,"district",11351.46846,14483.46299,0.783753752,"Republican","Republican","Republican","Republican"
"268","district",2101,"Kentucky",1,3.297545298,0.307745932,0.034930437,0.209174141990541,"State Legislature","Yes",NA,"district",12565.00008,20092.19909,0.62536709,"Republican","Republican","Republican","Republican"
"269","district",2001,"Kansas",1,14.14385954,0.315892836,0.047883995,0.422035634974854,"State Legislature","Yes",NA,"district",52770.64808,60052.62591,0.87874006,"Republican","Republican","Republican","Republican"
"270","district",2004,"Kansas",4,3.782573867,0.168807941,0.027421242,0.408418840674065,"State Legislature","Yes",NA,"district",14392.02984,16697.27909,0.861938629,"Republican","Republican","Republican","Republican"
"271","district",2002,"Kansas",2,3.864467828,0.18819501,0.029875708,0.370289737776922,"State Legislature","Yes",NA,"district",14381.62768,19404.5578,0.741146891,"Republican","Republican","Republican","Republican"
"272","district",2003,"Kansas",3,0.216014635,0.037316449,0.00652056,0.441515759419136,"State Legislature","Yes",NA,"district",766.6603468,903.2266895,0.848801697,"Republican","Republican","Republican","Republican"
"273","district",1903,"Iowa",3,2.449247482,0.12925255,0.02047274,0.429222171280422,"State Legislature","Yes",NA,"district",8832.642574,10562.33611,0.836239491,"Republican","Republican","Republican","Republican"
"274","district",1902,"Iowa",2,3.470449716,0.184306127,0.029856433,0.358309264207768,"State Legislature","Yes",NA,"district",12426.28233,16870.03527,0.736588995,"Republican","Republican","Republican","Republican"
"275","district",1904,"Iowa",4,6.494809124,0.213474149,0.034203916,0.423197250190455,"State Legislature","Yes",NA,"district",22848.72254,25872.16083,0.883139321,"Republican","Republican","Republican","Republican"
"276","district",1901,"Iowa",1,3.452062205,0.191177669,0.026509898,0.344514159815423,"State Legislature","Yes",NA,"district",12134.59309,17992.48427,0.67442566,"Republican","Republican","Republican","Republican"
"277","district",1803,"Indiana",3,1.178809478,0.081803133,0.014946382,0.470496941261784,"State Legislature","Yes",NA,"district",4234.632258,4707.727072,0.899506746,"Republican","Republican","Republican","Republican"
"278","district",1802,"Indiana",2,1.10433233,0.084043191,0.012965125,0.443253620609259,"State Legislature","Yes",NA,"district",4009.749747,4852.163194,0.826383942,"Republican","Republican","Republican","Republican"
"279","district",1805,"Indiana",5,0.528756854,0.064954248,0.009969845,0.39684908000756,"State Legislature","Yes",NA,"district",1934.004264,2489.091943,0.776991895,"Republican","Republican","Republican","Republican"
"280","district",1808,"Indiana",8,1.979052536,0.186365795,0.025104711,0.267588464418685,"State Legislature","Yes",NA,"district",7357.927609,10329.07567,0.712351022,"Republican","Republican","Republican","Republican"
"281","district",1804,"Indiana",4,1.762883384,0.110550499,0.017042667,0.425751333567468,"State Legislature","Yes",NA,"district",6376.156386,7799.644639,0.817493191,"Republican","Republican","Republican","Republican"
"282","district",1809,"Indiana",9,1.203995734,0.106187291,0.015285736,0.366306701998907,"State Legislature","Yes",NA,"district",4554.376695,5651.491819,0.80587159,"Republican","Republican","Republican","Republican"
"283","district",1806,"Indiana",6,1.707102781,0.108448715,0.016277942,0.427081103775669,"State Legislature","Yes",NA,"district",6255.896028,7227.775762,0.865535434,"Republican","Republican","Republican","Republican"
"284","district",1801,"Indiana",1,0.392163908,0.047523716,0.008369291,0.467119880356316,"State Legislature","Yes",NA,"district",1179.778856,1520.461174,0.775934878,"Republican","Republican","Republican","Republican"
"285","district",1807,"Indiana",7,0.087147535,0.021416796,0.003316955,0.488627590382302,"State Legislature","Yes",NA,"district",309.6631285,323.1734156,0.958194931,"Republican","Republican","Republican","Republican"
"286","district",1717,"Illinois",17,1.965455049,0.185211078,0.022023695,0.268330185178691,"State Legislature","Yes",NA,"district",7048.843095,13079.05269,0.53894141,"Democrat","Democrat","Republican","Democrat"
"287","district",1712,"Illinois",12,1.366393003,0.144609511,0.019364167,0.286547015308704,"State Legislature","Yes",NA,"district",5196.138355,7872.570758,0.660030696,"Democrat","Democrat","Republican","Democrat"
"288","district",1718,"Illinois",18,2.926704723,0.202475389,0.022454605,0.299517460054877,"State Legislature","Yes",NA,"district",10671.45088,14391.72106,0.741499285,"Democrat","Democrat","Republican","Democrat"
"289","district",1716,"Illinois",16,2.220871495,0.164382383,0.023026402,0.321374471160202,"State Legislature","Yes",NA,"district",7983.015079,11893.47209,0.671209805,"Democrat","Democrat","Republican","Democrat"
"290","district",1713,"Illinois",13,1.579935367,0.162499009,0.021601216,0.27420405672661,"State Legislature","Yes",NA,"district",5859.212033,10492.25443,0.558432134,"Democrat","Democrat","Republican","Democrat"
"291","district",1714,"Illinois",14,0.461541999,0.085999613,0.010751077,0.280036117895964,"State Legislature","Yes",NA,"district",1616.501193,2453.883976,0.658752088,"Democrat","Democrat","Republican","Democrat"
"292","district",1715,"Illinois",15,4.016048913,0.252878001,0.032223343,0.280926933795879,"State Legislature","Yes",NA,"district",14875.30721,21032.70197,0.707246612,"Democrat","Democrat","Republican","Democrat"
"293","district",1706,"Illinois",6,0.111715723,0.047196378,0.005766341,0.251046060980634,"State Legislature","Yes",NA,"district",396.0374819,654.0531342,0.605512704,"Democrat","Democrat","Republican","Democrat"
"294","district",1710,"Illinois",10,0.088074637,0.035066099,0.004384875,0.300014958189221,"State Legislature","Yes",NA,"district",321.5555055,491.5941203,0.654107712,"Democrat","Democrat","Republican","Democrat"
"295","district",1703,"Illinois",3,0.069996159,0.030877109,0.004598937,0.303742389810723,"State Legislature","Yes",NA,"district",251.4641487,340.6613913,0.738164509,"Democrat","Democrat","Republican","Democrat"
"296","district",1705,"Illinois",5,0.025649806,0.023507378,0.002689624,0.241514262849,"State Legislature","Yes",NA,"district",97.60863122,190.6379125,0.512010596,"Democrat","Democrat","Republican","Democrat"
"297","district",1711,"Illinois",11,0.07942169,0.04208936,0.00420539,0.237357069858266,"State Legislature","Yes",NA,"district",271.403012,508.8825295,0.533331361,"Democrat","Democrat","Republican","Democrat"
"298","district",1708,"Illinois",8,0.059025458,0.028359765,0.003379335,0.303684053067898,"State Legislature","Yes",NA,"district",205.0142547,338.1912415,0.606208055,"Democrat","Democrat","Republican","Democrat"
"299","district",1702,"Illinois",2,0.302235069,0.050639743,0.009939299,0.384845016067514,"State Legislature","Yes",NA,"district",1089.672865,1346.612377,0.809195641,"Democrat","Democrat","Republican","Democrat"
"300","district",1701,"Illinois",1,0.074786183,0.039751413,0.006147581,0.243872620699142,"State Legislature","Yes",NA,"district",244.7647242,395.9327325,0.61819775,"Democrat","Democrat","Republican","Democrat"
"301","district",1707,"Illinois",7,0.017923961,0.01931525,0.002444029,0.245709299339602,"State Legislature","Yes",NA,"district",67.37496744,117.9012513,0.571452522,"Democrat","Democrat","Republican","Democrat"
"302","district",1704,"Illinois",4,0.015297174,0.026222104,0.002146941,0.167202589754507,"State Legislature","Yes",NA,"district",60.5550081,132.4244376,0.457279708,"Democrat","Democrat","Republican","Democrat"
"303","district",1709,"Illinois",9,0.028122077,0.021683962,0.002820705,0.274151098873453,"State Legislature","Yes",NA,"district",102.8127752,168.6965381,0.609453972,"Democrat","Democrat","Republican","Democrat"
"304","district",1601,"Idaho",1,11.81559879,0.450363063,0.064580424,0.27056401543669,"Independent commission",NA,NA,"district",39980.67863,54261.74072,0.736811575,"Republican","Republican","Republican","Republican"
"305","district",1602,"Idaho",2,12.4965548,0.359468695,0.039827393,0.348609329860658,"Independent commission",NA,NA,"district",43680.69486,53613.27634,0.814736533,"Republican","Republican","Republican","Republican"
"306","district",1502,"Hawaii",2,2.37245258,0.424518004,0.348060691,0.128619728563972,"Politician commission",NA,NA,"district",6255.135321,27954.71837,0.223759554,"Democrat","Democrat","Democrat","Democrat"
"307","district",1501,"Hawaii",1,0.086220434,0.029252315,0.004841587,0.355835925645723,"Politician commission",NA,NA,"district",216.8466982,331.0073348,0.65511146,"Democrat","Democrat","Democrat","Democrat"
"308","district",1302,"Georgia",2,2.409227604,0.163625288,0.022354989,0.336274103306754,"State Legislature","Yes",NA,"district",9758.599263,11727.79757,0.83209138,"Republican","Republican","Republican","Republican"
"309","district",1313,"Georgia",13,0.182948017,0.06075922,0.007214635,0.249549437512862,"State Legislature","Yes",NA,"district",704.419331,1172.847131,0.600606262,"Republican","Republican","Republican","Republican"
"310","district",1301,"Georgia",1,2.202329466,0.184537349,0.02185058,0.285076750223415,"State Legislature","Yes",NA,"district",8493.443936,11386.05651,0.745951324,"Republican","Republican","Republican","Republican"
"311","district",1303,"Georgia",3,0.982727524,0.107239408,0.012546373,0.327692939452755,"State Legislature","Yes",NA,"district",3937.316557,4957.646411,0.794190676,"Republican","Republican","Republican","Republican"
"312","district",1304,"Georgia",4,0.12685838,0.036547732,0.004501903,0.345465021120887,"State Legislature","Yes",NA,"district",483.3802247,584.171643,0.827462665,"Republican","Republican","Republican","Republican"
"313","district",1314,"Georgia",14,0.9240111,0.098648241,0.014066902,0.345425329435534,"State Legislature","Yes",NA,"district",3623.783693,4647.086376,0.779796931,"Republican","Republican","Republican","Republican"
"314","district",1309,"Georgia",9,1.363457182,0.120687126,0.018617458,0.342976795780259,"State Legislature","Yes",NA,"district",5368.290696,6342.062345,0.846458203,"Republican","Republican","Republican","Republican"
"315","district",1310,"Georgia",10,1.82654435,0.151515449,0.017331601,0.316200917462936,"State Legislature","Yes",NA,"district",7293.171361,8976.813336,0.812445473,"Republican","Republican","Republican","Republican"
"316","district",1308,"Georgia",8,2.187032292,0.210088735,0.026306976,0.249534020319273,"State Legislature","Yes",NA,"district",8881.969586,13254.41263,0.67011416,"Republican","Republican","Republican","Republican"
"317","district",1306,"Georgia",6,0.075249733,0.031097587,0.003894283,0.312702045527585,"State Legislature","Yes",NA,"district",319.6804414,449.3080967,0.711494949,"Republican","Republican","Republican","Republican"
"318","district",1311,"Georgia",11,0.277357847,0.053827732,0.007410408,0.346831935318495,"State Legislature","Yes",NA,"district",1101.261155,1452.221285,0.758328752,"Republican","Republican","Republican","Republican"
"319","district",1312,"Georgia",12,2.063418767,0.196107661,0.022071032,0.259659406599576,"State Legislature","Yes",NA,"district",8323.894525,12166.7264,0.684152356,"Republican","Republican","Republican","Republican"
"320","district",1307,"Georgia",7,0.101826641,0.035495023,0.004433,0.318689811235143,"State Legislature","Yes",NA,"district",404.9878953,529.6103095,0.764690354,"Republican","Republican","Republican","Republican"
"321","district",1305,"Georgia",5,0.068296473,0.023113157,0.00346561,0.400815770356628,"State Legislature","Yes",NA,"district",276.8801125,299.1605822,0.925523378,"Republican","Republican","Republican","Republican"
"322","district",1214,"Florida",14,0.124231593,0.040942923,0.006599795,0.305170194486576,"State Legislature","Yes",NA,"district",368.5924979,434.1982283,0.848903736,"Republican","Republican","Republican","Republican"
"323","district",1212,"Florida",12,0.252017074,0.045446436,0.007381323,0.391579622918686,"State Legislature","Yes",NA,"district",934.4297912,1216.782789,0.76795119,"Republican","Republican","Republican","Republican"
"324","district",1213,"Florida",13,0.100281472,0.028982636,0.004589185,0.38732666785985,"State Legislature","Yes",NA,"district",285.78291,315.3064953,0.906365439,"Republican","Republican","Republican","Republican"
"325","district",1206,"Florida",6,0.768721609,0.105839693,0.015496259,0.293657370217605,"State Legislature","Yes",NA,"district",2409.366856,3179.250899,0.757841055,"Republican","Republican","Republican","Republican"
"326","district",1217,"Florida",17,1.681143941,0.127082818,0.015610833,0.36167671154451,"State Legislature","Yes",NA,"district",6200.903168,7793.25796,0.795675339,"Republican","Republican","Republican","Republican"
"327","district",1219,"Florida",19,0.317995793,0.064796007,0.01231266,0.308508671471191,"State Legislature","Yes",NA,"district",1052.708532,1646.261078,0.639454183,"Republican","Republican","Republican","Republican"
"328","district",1205,"Florida",5,0.373312846,0.173006405,0.019748879,0.125192761024429,"State Legislature","Yes",NA,"district",3901.115774,5508.12684,0.708247266,"Republican","Republican","Republican","Republican"
"329","district",1210,"Florida",10,0.333447484,0.075159995,0.008887902,0.272352842249878,"State Legislature","Yes",NA,"district",524.4025928,579.111591,0.905529437,"Republican","Republican","Republican","Republican"
"330","district",1202,"Florida",2,2.446775212,0.154354794,0.023290407,0.35923764902881,"State Legislature","Yes",NA,"district",11676.05503,19542.28252,0.597476524,"Republican","Republican","Republican","Republican"
"331","district",1204,"Florida",4,0.515313883,0.106718081,0.010288764,0.238453030512119,"State Legislature","Yes",NA,"district",1739.645175,2411.748214,0.721321225,"Republican","Republican","Republican","Republican"
"332","district",1215,"Florida",15,0.208906857,0.051020319,0.006839332,0.317569006173621,"State Legislature","Yes",NA,"district",1136.92494,1485.916957,0.765133566,"Republican","Republican","Republican","Republican"
"333","district",1209,"Florida",9,0.454279705,0.06909953,0.009635922,0.345773340895002,"State Legislature","Yes",NA,"district",2643.656261,2993.200248,0.883220648,"Republican","Republican","Republican","Republican"
"334","district",1211,"Florida",11,0.695635112,0.085426169,0.011138683,0.346102509977576,"State Legislature","Yes",NA,"district",2691.050949,3392.734124,0.793180618,"Republican","Republican","Republican","Republican"
"335","district",1201,"Florida",1,1.16227617,0.100299062,0.017127889,0.381033120381433,"State Legislature","Yes",NA,"district",4440.36962,5385.659524,0.824480196,"Republican","Republican","Republican","Republican"
"336","district",1226,"Florida",26,1.137707981,0.157984713,0.032192482,0.239334479188404,"State Legislature","Yes",NA,"district",3118.503751,7129.403918,0.437414374,"Republican","Republican","Republican","Republican"
"337","district",1203,"Florida",3,1.895304373,0.136495677,0.01755222,0.357540725805867,"State Legislature","Yes",NA,"district",3840.86242,4258.853324,0.901853651,"Republican","Republican","Republican","Republican"
"338","district",1227,"Florida",27,0.13334809,0.034863421,0.005209938,0.371302891609889,"State Legislature","Yes",NA,"district",142.8140408,223.988535,0.637595316,"Republican","Republican","Republican","Republican"
"339","district",1224,"Florida",24,0.028122077,0.020027573,0.00285362,0.296824882886718,"State Legislature","Yes",NA,"district",136.4136549,143.5019545,0.950604857,"Republican","Republican","Republican","Republican"
"340","district",1223,"Florida",23,0.067523888,0.031416443,0.005166898,0.293208556718296,"State Legislature","Yes",NA,"district",197.647153,220.7306816,0.895422202,"Republican","Republican","Republican","Republican"
"341","district",1225,"Florida",25,0.789735908,0.094601491,0.014972521,0.333002806171895,"State Legislature","Yes",NA,"district",3634.360493,5299.78876,0.685755727,"Republican","Republican","Republican","Republican"
"342","district",1208,"Florida",8,0.572330621,0.072658231,0.012379949,0.369099624358484,"State Legislature","Yes",NA,"district",2098.238949,2864.973367,0.732376424,"Republican","Republican","Republican","Republican"
"343","district",1218,"Florida",18,0.443618038,0.058018981,0.008671883,0.406948482596724,"State Legislature","Yes",NA,"district",1694.726051,2089.805879,0.81094903,"Republican","Republican","Republican","Republican"
"344","district",1220,"Florida",20,0.630274461,0.101314786,0.011089131,0.277777429946792,"State Legislature","Yes",NA,"district",2401.097487,3196.752962,0.751105111,"Republican","Republican","Republican","Republican"
"345","district",1221,"Florida",21,0.06242483,0.028098909,0.004577255,0.315205769621733,"State Legislature","Yes",NA,"district",250.3762305,357.3390902,0.700668461,"Republican","Republican","Republican","Republican"
"346","district",1222,"Florida",22,0.085293332,0.046328033,0.006735333,0.223469682006611,"State Legislature","Yes",NA,"district",180.4749814,247.022396,0.730601696,"Republican","Republican","Republican","Republican"
"347","district",1216,"Florida",16,0.279366567,0.047402734,0.007538014,0.395265361040073,"State Legislature","Yes",NA,"district",1404.715864,1575.172657,0.891785327,"Republican","Republican","Republican","Republican"
"348","district",1207,"Florida",7,0.1398378,0.045812794,0.004679607,0.289354635603577,"State Legislature","Yes",NA,"district",421.9103687,518.7096907,0.813384397,"Republican","Republican","Republican","Republican"
"349","district",1000,"Delaware",0,0.670139823,0.073439643,0.014858582,0.395145543506789,NA,NA,NA,"district",2055.859657,2721.660133,0.755369722,"Democrat","Democrat","Democrat","Democrat"
"350","district",903,"Connecticut",3,0.137520047,0.043190207,0.005376808,0.304370566450394,"State Legislature","No",NA,"district",494.7262849,709.1379125,0.69764467,"Democrat","Democrat","Democrat","Democrat"
"351","district",904,"Connecticut",4,0.151272051,0.043720336,0.006490015,0.315355775158768,"State Legislature","No",NA,"district",490.8443199,716.6955868,0.684871414,"Democrat","Democrat","Democrat","Democrat"
"352","district",905,"Connecticut",5,0.358170189,0.068757878,0.007242563,0.30855116107082,"State Legislature","No",NA,"district",1267.412184,1704.883038,0.743401251,"Democrat","Democrat","Democrat","Democrat"
"353","district",902,"Connecticut",2,0.587782312,0.063695734,0.009870665,0.426680545673584,"State Legislature","No",NA,"district",2046.624746,2456.536748,0.833134187,"Democrat","Democrat","Democrat","Democrat"
"354","district",901,"Connecticut",1,0.195927437,0.056998082,0.005822456,0.275291193658053,"State Legislature","No",NA,"district",704.9836349,1019.317051,0.691623508,"Democrat","Democrat","Democrat","Democrat"
"355","district",804,"Colorado",4,10.33934427,0.288461544,0.043641129,0.395151383117386,"State Legislature","Yes",NA,"district",38276.70338,47011.71391,0.814195021,"Republican","Democrat","Democrat","Democrat"
"356","district",801,"Colorado",1,0.052072197,0.035266775,0.005204847,0.229372915981385,"State Legislature","Yes",NA,"district",201.6656154,337.2867316,0.59790557,"Republican","Democrat","Democrat","Democrat"
"357","district",807,"Colorado",7,0.097345651,0.040397363,0.005877536,0.273785341424448,"State Legislature","Yes",NA,"district",351.2509267,527.497771,0.665881348,"Republican","Democrat","Democrat","Democrat"
"358","district",805,"Colorado",5,1.973798962,0.127548999,0.018410981,0.390462504412682,"State Legislature","Yes",NA,"district",7301.386477,9143.821192,0.798504949,"Republican","Democrat","Democrat","Democrat"
"359","district",803,"Colorado",3,13.34639779,0.34654299,0.047280283,0.373705806878648,"State Legislature","Yes",NA,"district",49852.74746,63220.58198,0.788552492,"Republican","Democrat","Democrat","Democrat"
"360","district",806,"Colorado",6,0.133966158,0.050869667,0.005968476,0.25506072426006,"State Legislature","Yes",NA,"district",470.0092626,843.8798664,0.55696229,"Republican","Democrat","Democrat","Democrat"
"361","district",802,"Colorado",2,2.113482245,0.165886929,0.018581951,0.310664813201892,"State Legislature","Yes",NA,"district",7631.702432,9966.790233,0.765713159,"Republican","Democrat","Democrat","Democrat"
"362","district",616,"California",16,0.753887986,0.103144662,0.014220406,0.29840877248793,"Independent commission",NA,NA,"district",2897.933758,3859.29752,0.750896696,"Democrat","Democrat","Democrat","Democrat"
"363","district",621,"California",21,1.755003022,0.174297892,0.023146891,0.269433586184182,"Independent commission",NA,NA,"district",6725.557536,9325.02069,0.721237814,"Democrat","Democrat","Democrat","Democrat"
"364","district",622,"California",22,0.303007653,0.072032703,0.009821818,0.270895642326481,"Independent commission",NA,NA,"district",1159.461821,2075.991439,0.558509924,"Democrat","Democrat","Democrat","Democrat"
"365","district",608,"California",8,8.48436881,0.337960098,0.065573546,0.30552677369259,"Independent commission",NA,NA,"district",33048.85921,40307.32927,0.819921831,"Democrat","Democrat","Democrat","Democrat"
"366","district",618,"California",18,0.210142993,0.047852434,0.00568622,0.339592707730714,"Independent commission",NA,NA,"district",697.3535023,858.4472228,0.812342895,"Democrat","Democrat","Democrat","Democrat"
"367","district",620,"California",20,1.43994305,0.107262452,0.018461421,0.396579142497681,"Independent commission",NA,NA,"district",4908.962104,5738.340447,0.855467212,"Democrat","Democrat","Democrat","Democrat"
"368","district",604,"California",4,3.499344378,0.202422401,0.030770095,0.32759683884036,"Independent commission",NA,NA,"district",13170.75862,15934.36363,0.826563202,"Democrat","Democrat","Democrat","Democrat"
"369","district",607,"California",7,0.146018476,0.031416144,0.004445266,0.431177369614511,"Independent commission",NA,NA,"district",557.585631,605.0132115,0.921609017,"Democrat","Democrat","Democrat","Democrat"
"370","district",615,"California",15,0.160234032,0.039406257,0.005899489,0.360095029854175,"Independent commission",NA,NA,"district",597.7972794,769.9623054,0.776398111,"Democrat","Democrat","Democrat","Democrat"
"371","district",610,"California",10,0.482556299,0.078424308,0.009511469,0.313998975626717,"Independent commission",NA,NA,"district",1845.171491,2399.444894,0.768999319,"Democrat","Democrat","Democrat","Democrat"
"372","district",609,"California",9,0.35214403,0.053863134,0.007589398,0.390547154600022,"Independent commission",NA,NA,"district",1317.41779,1539.789296,0.855583159,"Democrat","Democrat","Democrat","Democrat"
"373","district",601,"California",1,8.004439299,0.290591901,0.03454032,0.345133315701014,"Independent commission",NA,NA,"district",28860.92866,33265.2237,0.867600619,"Democrat","Democrat","Democrat","Democrat"
"374","district",603,"California",3,1.708802467,0.180311354,0.018257426,0.256996843097929,"Independent commission",NA,NA,"district",6325.056104,10053.14773,0.629161759,"Democrat","Democrat","Democrat","Democrat"
"375","district",639,"California",39,0.051608647,0.023155644,0.003210523,0.347783765047041,"Independent commission",NA,NA,"district",201.456018,254.1245574,0.79274518,"Democrat","Democrat","Democrat","Democrat"
"376","district",649,"California",49,0.190519346,0.050871973,0.007781361,0.304155652251434,"Independent commission",NA,NA,"district",585.2176215,826.9457956,0.707685588,"Democrat","Democrat","Democrat","Democrat"
"377","district",646,"California",46,0.017923961,0.011516333,0.001871349,0.412104837891476,"Independent commission",NA,NA,"district",74.04747263,86.41296893,0.856902309,"Democrat","Democrat","Democrat","Democrat"
"378","district",645,"California",45,0.085293332,0.028609486,0.00401519,0.361869863810268,"Independent commission",NA,NA,"district",302.6466448,369.5433891,0.818974588,"Democrat","Democrat","Democrat","Democrat"
"379","district",638,"California",38,0.026422391,0.016603045,0.002195007,0.347058946793294,"Independent commission",NA,NA,"district",89.90138517,132.7531995,0.677206918,"Democrat","Democrat","Democrat","Democrat"
"380","district",647,"California",47,0.17383152,0.064079843,0.011623308,0.230646971679147,"Independent commission",NA,NA,"district",276.0333472,1649.86032,0.167307101,"Democrat","Democrat","Democrat","Democrat"
"381","district",648,"California",48,0.063660965,0.028682427,0.004010656,0.311835564053195,"Independent commission",NA,NA,"district",154.1105459,207.1169469,0.744075017,"Democrat","Democrat","Democrat","Democrat"
"382","district",619,"California",19,0.238883137,0.05927132,0.006447546,0.292316331329709,"Independent commission",NA,NA,"district",933.0474667,1162.027949,0.802947526,"Democrat","Democrat","Democrat","Democrat"
"383","district",617,"California",17,0.055008019,0.023151338,0.003100829,0.359121857718243,"Independent commission",NA,NA,"district",197.0503555,235.1014931,0.838150166,"Democrat","Democrat","Democrat","Democrat"
"384","district",613,"California",13,0.041410531,0.015636573,0.002615882,0.461337496992654,"Independent commission",NA,NA,"district",108.5028136,116.2524015,0.933338255,"Democrat","Democrat","Democrat","Democrat"
"385","district",614,"California",14,0.151890119,0.04448467,0.010587124,0.310569869805301,"Independent commission",NA,NA,"district",268.3393719,385.1718313,0.696674445,"Democrat","Democrat","Democrat","Democrat"
"386","district",612,"California",12,0.030285314,0.017947939,0.002484066,0.343721254029739,"Independent commission",NA,NA,"district",44.00786547,45.79521058,0.960970916,"Democrat","Democrat","Democrat","Democrat"
"387","district",623,"California",23,2.585994945,0.20907513,0.020818554,0.272656837010937,"Independent commission",NA,NA,"district",9938.921045,13745.515,0.723066472,"Democrat","Democrat","Democrat","Democrat"
"388","district",605,"California",5,0.496617337,0.089969606,0.012446263,0.277664304349858,"Independent commission",NA,NA,"district",1817.419274,2517.082637,0.722034012,"Democrat","Democrat","Democrat","Democrat"
"389","district",606,"California",6,0.051608647,0.026900905,0.003285729,0.299363796586357,"Independent commission",NA,NA,"district",181.7479039,258.2223449,0.703842667,"Democrat","Democrat","Democrat","Democrat"
"390","district",651,"California",51,1.276309646,0.137696681,0.026099827,0.290843582513177,"Independent commission",NA,NA,"district",5105.084321,6780.233002,0.752936414,"Democrat","Democrat","Democrat","Democrat"
"391","district",602,"California",2,3.989935556,0.284183178,0.04212344,0.249166416344029,"Independent commission",NA,NA,"district",13080.95242,21787.95766,0.600375337,"Democrat","Democrat","Democrat","Democrat"
"392","district",624,"California",24,2.111473525,0.205548838,0.030754554,0.250600957597923,"Independent commission",NA,NA,"district",7036.107821,11394.13577,0.617520096,"Democrat","Democrat","Democrat","Democrat"
"393","district",650,"California",50,0.699498035,0.089476301,0.01121405,0.331352429795423,"Independent commission",NA,NA,"district",2801.982032,3438.545695,0.814874159,"Democrat","Democrat","Democrat","Democrat"
"394","district",652,"California",52,0.096264033,0.045591887,0.005637188,0.241240039402671,"Independent commission",NA,NA,"district",292.1276209,480.1577643,0.608399244,"Democrat","Democrat","Democrat","Democrat"
"395","district",653,"California",53,0.036929541,0.024598428,0.002735067,0.276939263678328,"Independent commission",NA,NA,"district",127.2907336,160.6244863,0.792474028,"Democrat","Democrat","Democrat","Democrat"
"396","district",630,"California",30,0.035847922,0.021658141,0.003257937,0.30989584132751,"Independent commission",NA,NA,"district",146.0132473,193.0756742,0.756248802,"Democrat","Democrat","Democrat","Democrat"
"397","district",625,"California",25,0.430947652,0.078932713,0.010033635,0.294822185455046,"Independent commission",NA,NA,"district",1725.822456,2467.569991,0.699401623,"Democrat","Democrat","Democrat","Democrat"
"398","district",626,"California",26,0.315987073,0.076807322,0.018607187,0.259440018700691,"Independent commission",NA,NA,"district",979.7790072,2913.608438,0.336276829,"Democrat","Democrat","Democrat","Democrat"
"399","district",633,"California",33,0.121450288,0.046132627,0.006747878,0.267791026816095,"Independent commission",NA,NA,"district",297.7769736,686.1116851,0.434006562,"Democrat","Democrat","Democrat","Democrat"
"400","district",629,"California",29,0.022404951,0.016613607,0.002257848,0.319383884253199,"Independent commission",NA,NA,"district",78.24169762,115.9723738,0.674658068,"Democrat","Democrat","Democrat","Democrat"
"401","district",634,"California",34,0.009889082,0.011336122,0.001458075,0.310969940016811,"Independent commission",NA,NA,"district",41.9069538,57.01618408,0.735001026,"Democrat","Democrat","Democrat","Democrat"
"402","district",632,"California",32,0.031985,0.023280412,0.002844201,0.272324959464743,"Independent commission",NA,NA,"district",136.9742415,179.0384909,0.765054714,"Democrat","Democrat","Democrat","Democrat"
"403","district",643,"California",43,0.013442971,0.011679782,0.002232839,0.351898832540782,"Independent commission",NA,NA,"district",65.0945044,73.38254472,0.88705706,"Democrat","Democrat","Democrat","Democrat"
"404","district",635,"California",35,0.041719565,0.025929201,0.003977374,0.279245178618931,"Independent commission",NA,NA,"district",172.4024651,254.780475,0.676670632,"Democrat","Democrat","Democrat","Democrat"
"405","district",644,"California",44,0.028122077,0.018563079,0.003115338,0.320242240537262,"Independent commission",NA,NA,"district",91.83704079,117.8149284,0.779502581,"Democrat","Democrat","Democrat","Democrat"
"406","district",628,"California",28,0.052999299,0.028804051,0.003590573,0.283325995578332,"Independent commission",NA,NA,"district",225.1713424,284.9685252,0.790162149,"Democrat","Democrat","Democrat","Democrat"
"407","district",627,"California",27,0.186501906,0.042986441,0.005580717,0.356135346365187,"Independent commission",NA,NA,"district",702.9361006,877.3635869,0.801191332,"Democrat","Democrat","Democrat","Democrat"
"408","district",637,"California",37,0.012361353,0.009099984,0.001637808,0.433109098876353,"Independent commission",NA,NA,"district",54.25312817,57.0750248,0.950558118,"Democrat","Democrat","Democrat","Democrat"
"409","district",640,"California",40,0.019005579,0.015259151,0.00186583,0.320269154839049,"Independent commission",NA,NA,"district",57.86706048,79.75572981,0.725553645,"Democrat","Democrat","Democrat","Democrat"
"410","district",642,"California",42,0.245063813,0.078110636,0.007937914,0.22466444712839,"Independent commission",NA,NA,"district",936.8695581,1502.853301,0.623393885,"Democrat","Democrat","Democrat","Democrat"
"411","district",641,"California",41,0.081584927,0.033884638,0.004296036,0.298818200688912,"Independent commission",NA,NA,"district",331.7078452,415.7092152,0.797932384,"Democrat","Democrat","Democrat","Democrat"
"412","district",636,"California",36,1.511175344,0.114042064,0.02074439,0.382117821175655,"Independent commission",NA,NA,"district",5999.030944,6365.538463,0.942423171,"Democrat","Democrat","Democrat","Democrat"
"413","district",631,"California",31,0.057171255,0.034989267,0.004867596,0.242247302908916,"Independent commission",NA,NA,"district",232.9391965,360.1508034,0.646782387,"Democrat","Democrat","Democrat","Democrat"
"414","district",611,"California",11,0.141382969,0.040376852,0.006242804,0.330119383045018,"Independent commission",NA,NA,"district",495.8880935,644.6713864,0.769210646,"Democrat","Democrat","Democrat","Democrat"
"415","district",501,"Arkansas",1,5.076807475,0.371261248,0.040237731,0.215139749635461,"State Legislature","Yes",NA,"district",19837.53878,27967.98339,0.709294571,"Republican","Republican","Republican","Republican"
"416","district",503,"Arkansas",3,1.446278243,0.183853625,0.020543037,0.231877527745954,"State Legislature","Yes",NA,"district",5533.447845,10540.23614,0.52498329,"Republican","Republican","Republican","Republican"
"417","district",504,"Arkansas",4,5.759772201,0.251522586,0.037663373,0.33824438525812,"State Legislature","Yes",NA,"district",22758.43648,28472.02909,0.799326118,"Republican","Republican","Republican","Republican"
"418","district",502,"Arkansas",2,1.303041071,0.128655857,0.016232244,0.31452445772835,"State Legislature","Yes",NA,"district",5072.588404,7079.197766,0.716548481,"Republican","Republican","Republican","Republican"
"419","district",404,"Arizona",4,8.483596226,0.485286092,0.043286901,0.212763478596617,"Independent commission",NA,NA,"district",33408.23988,53444.72565,0.625098913,"Republican","Republican","Republican","Republican"
"420","district",403,"Arizona",3,3.905723842,0.238144367,0.035479956,0.294181518341435,"Independent commission",NA,NA,"district",15658.67975,20804.61821,0.75265403,"Republican","Republican","Republican","Republican"
"421","district",402,"Arizona",2,1.977816401,0.116670898,0.018848069,0.427302445558168,"Independent commission",NA,NA,"district",7897.194236,8873.521162,0.889972999,"Republican","Republican","Republican","Republican"
"422","district",401,"Arizona",1,14.1809436,0.462201933,0.050885387,0.288818986364317,"Independent commission",NA,NA,"district",55172.5078,74305.61278,0.742507944,"Republican","Republican","Republican","Republican"
"423","district",405,"Arizona",5,0.07942169,0.019679436,0.003314331,0.507647026155106,"Independent commission",NA,NA,"district",305.7463338,329.7685626,0.927154279,"Republican","Republican","Republican","Republican"
"424","district",407,"Arizona",7,0.054698985,0.021007467,0.003049006,0.394657968305641,"Independent commission",NA,NA,"district",205.7033171,226.7167423,0.907314189,"Republican","Republican","Republican","Republican"
"425","district",409,"Arizona",9,0.035847922,0.029511296,0.003852478,0.227430466855296,"Independent commission",NA,NA,"district",177.5049054,282.8035904,0.627661428,"Republican","Republican","Republican","Republican"
"426","district",406,"Arizona",6,0.159770481,0.0403383,0.004824729,0.351265592784875,"Independent commission",NA,NA,"district",623.9621033,723.1174468,0.862877954,"Republican","Republican","Republican","Republican"
"427","district",408,"Arizona",8,0.132266472,0.047316256,0.006037062,0.272470471932874,"Independent commission",NA,NA,"district",540.4475745,802.1887742,0.673716202,"Republican","Republican","Republican","Republican"
"428","district",200,"Alaska",0,314.0794077,3.130852166,0.373894477,0.200660598033323,NA,NA,NA,"district",602573.7032,-675027.4025,-0.892665544,"Republican","Republican","Independent","Republican"
"429","district",106,"Alabama",6,1.058904359,0.158208156,0.016111953,0.230570866364921,"State Legislature","Yes",NA,"district",4226.414771,6116.575855,0.690977251,"Republican","Republican","Republican","Republican"
"430","district",101,"Alabama",1,1.69319626,0.186484207,0.019336889,0.247352625304575,"State Legislature","Yes",NA,"district",6242.511746,9269.065553,0.673478002,"Republican","Republican","Republican","Republican"
"431","district",102,"Alabama",2,2.535313399,0.200209498,0.02152142,0.281926617726538,"State Legislature","Yes",NA,"district",10272.57646,13791.31086,0.744858597,"Republican","Republican","Republican","Republican"
"432","district",107,"Alabama",7,2.540103423,0.245787764,0.025535621,0.229863689488467,"State Legislature","Yes",NA,"district",10284.98918,16493.09503,0.623593641,"Republican","Republican","Republican","Republican"
"433","district",105,"Alabama",5,0.980873321,0.110460877,0.021986277,0.31783586805946,"State Legislature","Yes",NA,"district",3852.73637,4936.392604,0.780476084,"Republican","Republican","Republican","Republican"
"434","district",103,"Alabama",3,1.941195894,0.176715406,0.021643779,0.279489309803914,"State Legislature","Yes",NA,"district",7744.063206,10539.82546,0.734743021,"Republican","Republican","Republican","Republican"
"435","district",104,"Alabama",4,2.316671977,0.202713627,0.026404493,0.266167031159268,"State Legislature","Yes",NA,"district",9098.35026,14553.02241,0.625186302,"Republican","Republican","Republican","Republican"
